Day,Hour,pv output
1,0,0
1,1,0
1,2,0
1,3,0
1,4,0
1,5,0
1,6,0
1,7,698710.813
1,8,9316144
1,9,19629042
1,10,26543556
1,11,29793390
1,12,42479960
1,13,64397288
1,14,61165188
1,15,30731438
1,16,0
1,17,0
1,18,0
1,19,0
1,20,0
1,21,0
1,22,0
1,23,0
2,0,0
2,1,0
2,2,0
2,3,0
2,4,0
2,5,0
2,6,0
2,7,1820908.125
2,8,39549312
2,9,69262360
2,10,89283608
2,11,99309248
2,12,98336048
2,13,86693152
2,14,64772708
2,15,34713012
2,16,0
2,17,0
2,18,0
2,19,0
2,20,0
2,21,0
2,22,0
2,23,0
3,0,0
3,1,0
3,2,0
3,3,0
3,4,0
3,5,0
3,6,0
3,7,277201.813
3,8,4146668.25
3,9,8215041
3,10,14304533
3,11,15087783
3,12,19069536
3,13,19561764
3,14,13543779
3,15,5954291
3,16,0
3,17,0
3,18,0
3,19,0
3,20,0
3,21,0
3,22,0
3,23,0
4,0,0
4,1,0
4,2,0
4,3,0
4,4,0
4,5,0
4,6,0
4,7,827886.563
4,8,9309921
4,9,19768018
4,10,31748382
4,11,19032084
4,12,14783175
4,13,30220696
4,14,21654630
4,15,10090878
4,16,0
4,17,0
4,18,0
4,19,0
4,20,0
4,21,0
4,22,0
4,23,0
5,0,0
5,1,0
5,2,0
5,3,0
5,4,0
5,5,0
5,6,0
5,7,1968247
5,8,41164028
5,9,52064520
5,10,70823192
5,11,79893168
5,12,98529840
5,13,63692392
5,14,45635016
5,15,22240408
5,16,0
5,17,0
5,18,0
5,19,0
5,20,0
5,21,0
5,22,0
5,23,0
6,0,0
6,1,0
6,2,0
6,3,0
6,4,0
6,5,0
6,6,0
6,7,1388313.625
6,8,27393928
6,9,48521908
6,10,66129480
6,11,84420048
6,12,70792008
6,13,39703032
6,14,28380426
6,15,13600734
6,16,0
6,17,0
6,18,0
6,19,0
6,20,0
6,21,0
6,22,0
6,23,0
7,0,0
7,1,0
7,2,0
7,3,0
7,4,0
7,5,0
7,6,0
7,7,960904.938
7,8,16206372
7,9,30728480
7,10,44129320
7,11,29105022
7,12,26026916
7,13,17034584
7,14,11925876
7,15,5501377
7,16,0
7,17,0
7,18,0
7,19,0
7,20,0
7,21,0
7,22,0
7,23,0
8,0,0
8,1,0
8,2,0
8,3,0
8,4,0
8,5,0
8,6,0
8,7,407646.281
8,8,6066919.5
8,9,12346623
8,10,13253242
8,11,10857043
8,12,5818852
8,13,3792929.25
8,14,2574187.75
8,15,1219178.75
8,16,0
8,17,0
8,18,0
8,19,0
8,20,0
8,21,0
8,22,0
8,23,0
9,0,0
9,1,0
9,2,0
9,3,0
9,4,0
9,5,0
9,6,0
9,7,274292.031
9,8,3693392.25
9,9,7347729.5
9,10,8829496
9,11,10041110
9,12,14603957
9,13,13438486
9,14,9361177
9,15,4233827
9,16,0
9,17,0
9,18,0
9,19,0
9,20,0
9,21,0
9,22,0
9,23,0
10,0,0
10,1,0
10,2,0
10,3,0
10,4,0
10,5,0
10,6,0
10,7,1562524.875
10,8,31307830
10,9,55618996
10,10,68932920
10,11,84416416
10,12,91679488
10,13,80719696
10,14,62708584
10,15,35710360
10,16,0
10,17,0
10,18,0
10,19,0
10,20,0
10,21,0
10,22,0
10,23,0
11,0,0
11,1,0
11,2,0
11,3,0
11,4,0
11,5,0
11,6,0
11,7,2326716
11,8,43707712
11,9,38781624
11,10,64281724
11,11,59439868
11,12,40974392
11,13,21175310
11,14,14695470
11,15,6606558.5
11,16,0
11,17,0
11,18,0
11,19,0
11,20,0
11,21,0
11,22,0
11,23,0
12,0,0
12,1,0
12,2,0
12,3,0
12,4,0
12,5,0
12,6,0
12,7,2157849.5
12,8,41095892
12,9,45103312
12,10,62625792
12,11,75777832
12,12,84926160
12,13,79222216
12,14,61597328
12,15,34859104
12,16,0
12,17,0
12,18,0
12,19,0
12,20,0
12,21,0
12,22,0
12,23,0
13,0,0
13,1,0
13,2,0
13,3,0
13,4,0
13,5,0
13,6,0
13,7,144427.641
13,8,2006480.625
13,9,3853164.75
13,10,6963879.5
13,11,14172821
13,12,9438424
13,13,33663932
13,14,24275066
13,15,12025781
13,16,834788
13,17,0
13,18,0
13,19,0
13,20,0
13,21,0
13,22,0
13,23,0
14,0,0
14,1,0
14,2,0
14,3,0
14,4,0
14,5,0
14,6,0
14,7,1648478.375
14,8,29690672
14,9,54276620
14,10,68211136
14,11,87353104
14,12,84903520
14,13,78737072
14,14,65740996
14,15,37676040
14,16,6643678
14,17,0
14,18,0
14,19,0
14,20,0
14,21,0
14,22,0
14,23,0
15,0,0
15,1,0
15,2,0
15,3,0
15,4,0
15,5,0
15,6,0
15,7,675889.625
15,8,11759322
15,9,24549546
15,10,1489141.75
15,11,14451531
15,12,3128744.5
15,13,34224416
15,14,24847084
15,15,12685534
15,16,953932.375
15,17,0
15,18,0
15,19,0
15,20,0
15,21,0
15,22,0
15,23,0
16,0,0
16,1,0
16,2,0
16,3,0
16,4,0
16,5,0
16,6,0
16,7,2521336.25
16,8,39696352
16,9,68435344
16,10,89031704
16,11,100657200
16,12,101112144
16,13,90862032
16,14,70136416
16,15,40252648
16,16,2514723.5
16,17,0
16,18,0
16,19,0
16,20,0
16,21,0
16,22,0
16,23,0
17,0,0
17,1,0
17,2,0
17,3,0
17,4,0
17,5,0
17,6,0
17,7,2322011.5
17,8,35525616
17,9,60961084
17,10,84826648
17,11,97564912
17,12,100653488
17,13,90113568
17,14,70464712
17,15,41602856
17,16,2961126.75
17,17,0
17,18,0
17,19,0
17,20,0
17,21,0
17,22,0
17,23,0
18,0,0
18,1,0
18,2,0
18,3,0
18,4,0
18,5,0
18,6,0
18,7,2039717.375
18,8,26963356
18,9,45344628
18,10,61326196
18,11,109898112
18,12,109407504
18,13,74099248
18,14,49383088
18,15,28707592
18,16,2446258.25
18,17,0
18,18,0
18,19,0
18,20,0
18,21,0
18,22,0
18,23,0
19,0,0
19,1,0
19,2,0
19,3,0
19,4,0
19,5,0
19,6,0
19,7,2175818
19,8,27916652
19,9,48055908
19,10,95403344
19,11,104291960
19,12,74161240
19,13,93745912
19,14,59636192
19,15,34670536
19,16,3054773.75
19,17,0
19,18,0
19,19,0
19,20,0
19,21,0
19,22,0
19,23,0
20,0,0
20,1,0
20,2,0
20,3,0
20,4,0
20,5,0
20,6,0
20,7,992098.375
20,8,8340964
20,9,16286108
20,10,41144224
20,11,48443728
20,12,65780112
20,13,63591744
20,14,35921688
20,15,20393558
20,16,2243607.25
20,17,0
20,18,0
20,19,0
20,20,0
20,21,0
20,22,0
20,23,0
21,0,0
21,1,0
21,2,0
21,3,0
21,4,0
21,5,0
21,6,0
21,7,2548224.5
21,8,32682698
21,9,61267076
21,10,77846840
21,11,87149432
21,12,86358248
21,13,80187280
21,14,47213800
21,15,39697508
21,16,9233114
21,17,0
21,18,0
21,19,0
21,20,0
21,21,0
21,22,0
21,23,0
22,0,0
22,1,0
22,2,0
22,3,0
22,4,0
22,5,0
22,6,0
22,7,414593.156
22,8,4131161.75
22,9,7977711.5
22,10,16183281
22,11,27009200
22,12,39071716
22,13,68561520
22,14,25069514
22,15,13632834
22,16,1925779.125
22,17,0
22,18,0
22,19,0
22,20,0
22,21,0
22,22,0
22,23,0
23,0,0
23,1,0
23,2,0
23,3,0
23,4,0
23,5,0
23,6,0
23,7,1378653.625
23,8,9826894
23,9,18645052
23,10,74037712
23,11,41076992
23,12,38591392
23,13,68197248
23,14,51730304
23,15,30944106
23,16,7401106.5
23,17,0
23,18,0
23,19,0
23,20,0
23,21,0
23,22,0
23,23,0
24,0,0
24,1,0
24,2,0
24,3,0
24,4,0
24,5,0
24,6,0
24,7,1252856.25
24,8,8930654
24,9,17002226
24,10,36629184
24,11,54019808
24,12,88065928
24,13,82296888
24,14,50470432
24,15,28389260
24,16,5709317
24,17,0
24,18,0
24,19,0
24,20,0
24,21,0
24,22,0
24,23,0
25,0,0
25,1,0
25,2,0
25,3,0
25,4,0
25,5,0
25,6,0
25,7,2956830.75
25,8,30850684
25,9,57576876
25,10,81310024
25,11,85336712
25,12,80740744
25,13,45723628
25,14,13289639
25,15,6963817.5
25,16,1086415.5
25,17,0
25,18,0
25,19,0
25,20,0
25,21,0
25,22,0
25,23,0
26,0,0
26,1,0
26,2,0
26,3,0
26,4,0
26,5,0
26,6,0
26,7,547029.688
26,8,4518832.5
26,9,8623298
26,10,25170800
26,11,11486671
26,12,11082200
26,13,8895564
26,14,6570176.5
26,15,3695830.75
26,16,686693.313
26,17,0
26,18,0
26,19,0
26,20,0
26,21,0
26,22,0
26,23,0
27,0,0
27,1,0
27,2,0
27,3,0
27,4,0
27,5,0
27,6,0
27,7,693949.25
27,8,4286391
27,9,7735276
27,10,19214368
27,11,69887552
27,12,105942472
27,13,96550232
27,14,76573216
27,15,46481736
27,16,13550498
27,17,0
27,18,0
27,19,0
27,20,0
27,21,0
27,22,0
27,23,0
28,0,0
28,1,0
28,2,0
28,3,0
28,4,0
28,5,0
28,6,0
28,7,2054109.5
28,8,14500523
28,9,26434664
28,10,24243512
28,11,7971221.5
28,12,26179238
28,13,17129720
28,14,14189047
28,15,8163570
28,16,1918580.25
28,17,0
28,18,0
28,19,0
28,20,0
28,21,0
28,22,0
28,23,0
29,0,0
29,1,0
29,2,0
29,3,0
29,4,0
29,5,0
29,6,0
29,7,13832161
29,8,46788392
29,9,73585400
29,10,91379512
29,11,65766000
29,12,68149784
29,13,66517108
29,14,74019848
29,15,45967956
29,16,13692254
29,17,0
29,18,0
29,19,0
29,20,0
29,21,0
29,22,0
29,23,0
30,0,0
30,1,0
30,2,0
30,3,0
30,4,0
30,5,0
30,6,0
30,7,3513903.75
30,8,22503280
30,9,41338364
30,10,71656536
30,11,64840764
30,12,64264844
30,13,70913528
30,14,25966024
30,15,15484414
30,16,3476160.25
30,17,0
30,18,0
30,19,0
30,20,0
30,21,0
30,22,0
30,23,0
31,0,0
31,1,0
31,2,0
31,3,0
31,4,0
31,5,0
31,6,0
31,7,0
31,8,272242.125
31,9,678305.5
31,10,18513000
31,11,1479272.25
31,12,1353423.25
31,13,12156173
31,14,7975784.5
31,15,4622052.5
31,16,1088199.25
31,17,0
31,18,0
31,19,0
31,20,0
31,21,0
31,22,0
31,23,0
